{"cameraMode":{"drawMode":0,"name":"Shaded","section":"Shading Mode"},"sceneLighting":true,"audioPlay":false,"sceneViewState":{"m_AlwaysRefresh":false,"showFog":true,"showSkybox":true,"showFlares":true,"showImageEffects":true,"showParticleSystems":true,"showVisualEffectGraphs":true,"m_FxEnabled":true},"in2DMode":false,"pivot":{"x":0.5583840012550354,"y":0.8426017761230469,"z":1.2196073532104493},"rotation":{"x":-0.041912663727998736,"y":0.9423558712005615,"z":-0.3058258295059204,"w":-0.12914757430553437},"size":2.0092275142669679,"orthographic":false}